,28,29,30,35,36,37,38,52,53,54,55,56,57,58,59,62,63,64,65,66,105,106,107,108,109,110,111,111A,111B,111C,111D,111E,111F,111G,112H,112G,112F,112E,112D,112C,112B,112A,112,113,114,115,116,117
A,3.7404214e-05,0.00027288074,4.250479e-06,0.05334011,0.05003069,1.1901341e-05,0.76645744,0.0,0.00061121886,0.9924222,0.6026304,0.00022612548,0.00031453546,0.016200276,0.002244253,0.031998456,0.03488878,0.0018413075,0.00045395116,3.3153738e-05,0.67562383,0.64792687,0.047993008,0.049456023,0.047364786,0.040133875,0.02723792,0.014877527,0.008878401,0.0028716237,0.00049305556,2.2102491e-05,8.500958e-06,0.0,4.250479e-06,6.8007666e-06,3.485393e-05,0.0013210488,0.0049263053,0.010933932,0.020914057,0.034211256,0.043317482,0.045948528,0.0532381,0.0008347941,0.00022697558,7.310824e-05
C,0.0007251317,8.5009583e-07,5.5256227e-05,0.0009393559,0.0009929119,0.00021167386,0.0001606681,4.250479e-06,2.5502875e-06,6.8007666e-06,0.00043524907,0.0,0.0001207136,0.0010770714,0.0007956897,0.0038050287,0.0039274427,0.00073958334,2.8903258e-05,0.00023207616,9.351053e-06,0.00012581419,0.0007684866,0.0011408286,0.0012130868,0.0010677204,0.0007514847,0.0004046456,0.00023292625,6.970786e-05,1.2751437e-05,0.0,0.0,0.0,8.5009583e-07,8.5009583e-07,2.5502875e-06,4.3354885e-05,0.00011901341,0.00024992815,0.00053216,0.000905352,0.0010796217,0.0012300886,0.0013142481,0.0010847222,0.00041484676,0.00041739704
D,9.011015e-05,0.0,2.5502875e-06,0.07570613,0.06559169,0.00030093393,0.044499114,0.0,0.001446863,0.0022553043,0.033322904,8.500958e-05,0.057378065,0.019705221,0.04047901,0.10906389,0.11857136,0.03627699,0.00124199,0.024955412,0.0026182951,0.0035568008,0.41914484,0.055523157,0.054701116,0.04542742,0.031555556,0.017399762,0.010200299,0.0034471385,0.0006069684,3.060345e-05,9.351053e-06,0.0,5.100575e-06,1.2751437e-05,5.6106324e-05,0.0016763889,0.0057900026,0.012569517,0.023279874,0.037048027,0.04648579,0.05047954,0.09449665,0.03870996,0.744445,0.004847246
E,8.5009583e-07,0.0,0.0,0.028829299,0.025752801,1.7001917e-06,0.00012666428,0.0,0.0,8.500958e-06,0.00010031131,0.0,0.0002626796,0.0095176725,0.0011297773,0.00041909722,0.00031878593,0.00014621648,3.4003833e-06,7.1408045e-05,8.5859676e-05,0.00041909722,0.090193465,0.02458052,0.024537165,0.019849736,0.014339416,0.0077596745,0.0046636257,0.0015106202,0.00027628115,7.650862e-06,2.5502875e-06,0.0,0.0,3.4003833e-06,2.04023e-05,0.00069622847,0.0026684508,0.00558768,0.010391572,0.016100815,0.02004356,0.021369709,0.16445018,0.013242792,0.04427129,0.00032898708
F,0.13949136,0.0010923732,0.8787721,0.047679324,0.056663137,0.00081439177,0.00020827347,0.053680148,0.003080747,5.100575e-06,0.00037489226,0.0026344468,0.0005364104,0.03105655,0.0038526342,0.00036809148,0.0003255867,0.00049305556,2.8903258e-05,0.01624193,0.00018532088,0.00061376917,0.0010881226,0.043773133,0.042474188,0.03737616,0.026543392,0.014177048,0.008188123,0.0027509101,0.0004862548,1.1901341e-05,6.8007666e-06,0.0,1.7001917e-06,8.500958e-06,3.485393e-05,0.0012258382,0.0048038913,0.010519085,0.020289237,0.033844866,0.043078605,0.05173343,0.0014791667,0.14382601,0.0017937021,0.002654849
G,0.03354053,0.0,1.7001917e-06,0.10832431,0.09683952,8.5009583e-07,0.031728126,8.5009583e-07,0.00017767002,0.00015641763,0.07078918,2.2102491e-05,0.0003238865,0.043339584,0.08546353,0.688076,0.7059085,0.09239436,0.0021847463,1.8702107e-05,0.00037234195,0.0007701868,0.07749813,0.10541188,0.10169186,0.08406682,0.057162143,0.030580496,0.018526988,0.005796803,0.0011289272,3.825431e-05,1.8702107e-05,0.0,6.8007666e-06,2.8053162e-05,7.650862e-05,0.0028121169,0.010242804,0.022661854,0.043542758,0.071065456,0.09175509,0.09766666,0.16428697,0.064589426,0.074382536,0.00048455462
H,0.0013355005,5.9506706e-06,2.5502875e-06,0.015308525,0.01774405,0.00033068727,7.650862e-06,0.0,0.0,8.5009583e-07,0.00023717673,7.650862e-06,0.0006163195,0.001189284,0.00086454744,0.000102011494,7.480843e-05,0.00051515806,2.3802682e-05,0.018080687,7.650862e-05,0.0003051844,0.0013788554,0.019805532,0.020739788,0.017290099,0.01179848,0.0064760298,0.003974198,0.0011476293,0.0002031729,7.650862e-06,1.7001917e-06,0.0,0.0,2.5502875e-06,1.1051246e-05,0.0005474617,0.002146492,0.0048574475,0.009149581,0.01499314,0.019657616,0.02075339,0.020482209,0.021339105,0.0015191212,0.011669265
I,0.07829637,0.51397896,0.020049509,0.038578197,0.03966122,0.00040209532,0.00016576868,7.055795e-05,0.00056531373,3.4003833e-06,0.0012734436,0.99422956,0.0007990901,0.013995977,0.03690181,0.002253604,0.00031368536,0.03709393,0.0017137931,0.0003204861,0.00047350337,0.00076083577,0.0006273707,0.03319199,0.03265133,0.028064214,0.019723073,0.010581142,0.0063315136,0.0020342793,0.00035108958,1.4451629e-05,1.7001917e-06,0.0,0.0,2.5502875e-06,2.2102491e-05,0.0009878114,0.0036537119,0.007851485,0.015113853,0.024471708,0.03453429,0.035956502,0.028368548,0.0014808669,0.00016916907,2.1252396e-05
K,9.776102e-05,5.100575e-06,8.5009583e-07,0.015284723,0.015259219,0.00047860394,8.5009583e-07,8.5009583e-07,0.0,0.0,1.7001917e-06,8.5009583e-07,0.00035023948,0.010090637,0.0012190373,1.1901341e-05,1.7001917e-06,0.00028903258,0.002476329,0.011822282,0.001313398,0.12298761,0.020165123,0.016514812,0.016723085,0.013542877,0.009826258,0.0052663437,0.0030331418,0.0010634698,0.00016661877,4.250479e-06,2.5502875e-06,0.0,0.0,2.5502875e-06,7.650862e-06,0.0004284483,0.0017494971,0.0036571121,0.0070243417,0.011372582,0.014626749,0.01659387,0.05765265,0.0011663315,0.00040889607,1.5301724e-05
L,0.048951916,5.1855845e-05,0.07473362,0.051605918,0.05182524,1.5301724e-05,0.00014281609,0.9436735,0.00022612548,5.9506706e-06,0.00039784485,0.0001827706,0.0005644636,0.016213028,0.0024287237,8.926006e-05,5.0155653e-05,0.0004471504,2.04023e-05,0.00013856562,0.00015726773,0.00059336686,0.017019767,0.061621744,0.057879623,0.04934211,0.033405364,0.018757364,0.01117876,0.0035142961,0.0006231202,2.3802682e-05,7.650862e-06,0.0,2.5502875e-06,1.7001916e-05,3.825431e-05,0.0017078425,0.006275407,0.01366104,0.025913471,0.041550133,0.053367313,0.053638496,0.048840553,0.0385816,0.000425898,0.00011306274
M,0.00010966236,0.00010541188,0.00035534005,0.00021167386,0.00021422414,0.00015471743,0.0,0.0015837285,0.0,0.0,0.0,7.9909005e-05,8.5009583e-07,4.8455462e-05,1.3601533e-05,8.5009583e-07,0.0,7.650862e-06,0.0010762212,5.5256227e-05,1.8702107e-05,0.0,7.565853e-05,0.00025247846,0.0002456777,0.0002023228,0.00012921456,8.330939e-05,4.8455462e-05,1.1901341e-05,8.5009583e-07,8.5009583e-07,0.0,0.0,0.0,0.0,8.5009583e-07,1.020115e-05,2.2952587e-05,5.0155653e-05,0.00011561303,0.00019637213,0.0002439775,0.00027288074,0.000328137,0.06976906,0.00069537834,0.00012411398
N,0.023291774,0.0018804119,2.2952587e-05,0.023704922,0.023190614,0.43076566,0.00035193967,0.0,8.5009583e-07,1.1901341e-05,0.00092660444,0.00081779214,0.08589198,0.0098254075,0.056240637,0.0041586687,0.0006690254,0.05606807,0.002671001,0.25611347,0.30947056,0.00094360637,0.0019849737,0.020384448,0.021309352,0.017874114,0.012095164,0.0065882425,0.003843283,0.0012411398,0.00021592433,5.100575e-06,8.5009583e-07,0.0,0.0,2.5502875e-06,1.1051246e-05,0.0005474617,0.0021779453,0.0047273827,0.009063722,0.014918331,0.019061698,0.022140745,0.017653089,0.013056622,0.046721265,0.00168574
P,0.0013235991,0.00014281609,0.0001224138,0.057613544,0.054382328,1.7001917e-06,0.00021422414,0.0,5.100575e-06,0.00040719588,0.00030008383,8.5009583e-07,0.0010821719,0.00031453546,0.0016338842,0.00026608,0.00014536639,0.0015752275,0.00021762453,9.6910924e-05,0.00030093393,0.00057721505,0.018880628,0.058517195,0.059482902,0.050245762,0.034311567,0.018345067,0.011188961,0.0034267362,0.00061801967,1.7852011e-05,5.9506706e-06,0.0,0.0,1.5301724e-05,4.675527e-05,0.0016789392,0.0062686065,0.013791104,0.025708597,0.042886484,0.055042002,0.054775074,0.056046817,0.00079823995,0.00010626198,0.000116463125
Q,2.3802682e-05,0.0,0.000108812266,0.025041273,0.023875792,1.7001917e-06,0.0,0.0,0.0,0.0,0.0,8.5009583e-07,4.5055076e-05,0.016542865,0.0017435465,8.5009583e-07,0.0,5.100575e-06,8.5009583e-07,2.7203067e-05,8.500958e-05,0.00022017481,0.030048337,0.0315122,0.032135323,0.026029084,0.0177449,0.00984836,0.006071384,0.0018498085,0.00030858477,7.650862e-06,8.5009583e-07,0.0,8.5009583e-07,1.7001917e-06,1.5301724e-05,0.00087899907,0.0032278139,0.0072504673,0.013533525,0.021566931,0.02830479,0.027355233,0.030851677,0.00061716954,9.6910924e-05,2.7203067e-05
R,0.22199146,8.5009583e-07,1.1051246e-05,0.04401966,0.048501365,1.7001917e-06,1.1901341e-05,8.5009583e-07,0.0,1.1901341e-05,0.024913758,5.1855845e-05,0.058580954,0.026077539,0.08351001,0.0053267004,0.00023717673,0.06419159,0.002963434,0.0053734556,0.0002652299,0.041029874,0.098343335,0.065175146,0.06642053,0.054734267,0.036698636,0.02014557,0.01206966,0.003513446,0.00062567054,2.8053162e-05,7.650862e-06,0.0,8.5009583e-07,9.351053e-06,4.8455462e-05,0.0017282448,0.006487931,0.014577443,0.027898444,0.046496842,0.06275322,0.06498727,0.12054869,0.019419588,0.00038934388,2.2952587e-05
S,0.41989377,0.0013091476,0.024424953,0.07711304,0.086026296,0.00017341954,0.0036843151,0.0006273707,1.7001917e-06,0.0027228568,0.09260178,0.00037574235,0.34951943,0.07879368,0.5946012,0.07679766,0.04596383,0.64717454,0.04009222,0.039227672,0.0039886497,0.0051583815,0.038528893,0.090791084,0.0913462,0.0789671,0.05384592,0.028992517,0.017598683,0.0056845904,0.00095890806,2.8903258e-05,9.351053e-06,0.0,2.5502875e-06,2.04023e-05,5.9506707e-05,0.002476329,0.009922318,0.021696996,0.04160369,0.07020431,0.09061511,0.09469982,0.051759783,0.021594984,0.0007064296,0.048061866
T,0.00030008383,0.4808329,5.1855845e-05,0.05916327,0.05703718,2.8903258e-05,0.08891662,8.5009583e-07,0.0,0.000984411,0.11346313,0.0008169421,0.44091836,0.03227899,0.059650373,0.044045165,0.05261668,0.056404706,0.944618,0.0740561,0.0032380149,0.10178027,0.04720412,0.06345455,0.064099774,0.053101234,0.036529467,0.020035058,0.0121546695,0.003780376,0.000674126,1.7852011e-05,2.5502875e-06,0.0,8.5009583e-07,8.500958e-06,4.5055076e-05,0.0018957136,0.006807567,0.01499059,0.02813732,0.046466235,0.059709027,0.06203064,0.0585512,0.0011493295,0.0002431274,0.00013431514
V,0.00019297175,0.00028988268,0.00013601533,0.102587864,0.09065422,1.7001917e-06,0.06309581,0.0001819205,0.99388015,0.000993762,0.057630546,0.0003842433,0.00027628115,0.022080388,0.0029158287,0.031999305,0.034835227,0.0020563817,1.1051246e-05,7.1408045e-05,0.0007310824,0.07134004,0.06014853,0.07831593,0.07536949,0.065340914,0.045758955,0.025031071,0.014967637,0.0046287715,0.0008347941,2.2952587e-05,4.250479e-06,0.0,4.250479e-06,1.5301724e-05,7.2258146e-05,0.0021864465,0.008304586,0.018093439,0.034931287,0.05759059,0.071595065,0.08127341,0.0033094229,0.02350515,0.0022051486,7.2258146e-05
W,0.0,0.0,5.9506706e-06,0.037480723,0.036186878,0.0,8.5009583e-07,0.000107962165,0.0,0.0,8.5009583e-07,0.0,0.000585716,0.14105299,0.015035644,6.375719e-05,6.03568e-05,1.1901341e-05,1.7001917e-06,0.0,0.00010626198,0.00015471743,0.00047435347,0.04194883,0.03879582,0.034131348,0.024077263,0.0128628,0.007754574,0.002404921,0.0004488506,9.351053e-06,1.7001917e-06,0.0,8.5009583e-07,5.9506706e-06,2.4652778e-05,0.001136578,0.004268331,0.009349354,0.017808657,0.028857352,0.03611037,0.03786922,0.020978665,0.00039954504,4.250479e-05,1.020115e-05
Y,0.030305915,3.060345e-05,0.0011382783,0.13746814,0.15957063,0.56630236,0.00022697558,6.715757e-05,1.7001917e-06,3.4003833e-06,0.00060016767,8.330939e-05,0.0018328065,0.063300684,0.009276246,0.00115358,0.001091523,0.0022680557,0.00017171935,0.5530638,0.00087984913,0.00073618296,0.028434005,0.13862853,0.1375081,0.118425146,0.08448167,0.044226233,0.026069038,0.008641223,0.0015556753,5.1005747e-05,1.2751437e-05,0.0,5.9506706e-06,3.060345e-05,9.861111e-05,0.004091511,0.015380783,0.0328273,0.0629802,0.10486442,0.13464837,0.15589736,0.0053632543,0.5248347,0.080736145,0.9291199
-,0.0,0.0,0.0,0.0,0.0,0.0,0.0,0.0,0.0,0.0,0.0,0.0,0.0,0.44729915,0.0,0.0,0.0,0.0,0.0,0.0,0.0,0.0,0.0,0.0,0.0133108,0.16478767,0.42198417,0.68756175,0.81302565,0.9406106,0.98941034,0.99964976,0.99989456,1.0,0.99996257,0.99980533,0.9992732,0.97192305,0.8947556,0.7700967,0.56206805,0.2803888,0.073970236,0.003328125,0.0,0.0,0.0,0.0
