,R,T,F,I,S,Y,A,F,V,S,G,I,R,W,S,G,I,H,T,D,A,A,H,R,T,I,A,T,-,-,-,-,-,-,-,-,-,-,-,I,P,E,K,Y,E,Y,E,Y
A,0.0,0.003938198,0.0,1.3697746,-0.04234457,0.0,0.0,0.0,0.6760955,-0.2847371,-0.1868825,0.45302784,0.05435443,0.5249367,-0.031608105,-0.15392017,0.34676278,0.058656693,-0.060555458,-0.0,0.0,0.0,0.26024735,-0.14095926,0.06800413,0.4955709,0.0,-0.03208685,-0.0053765774,0.053768396,0.06274271,0.09817672,-0.022435188,0.044416428,-0.05444193,-0.18888474,-0.26611233,0.15873432,0.17508459,0.12787962,-0.29839706,-0.0056405067,-0.19326925,-0.12641001,0.06435323,-0.408432,-0.11643934,-0.12124491
C,0.17307425,0.0,0.0,1.8373696,-0.08149409,0.7779145,0.18988872,0.0,0.0,-0.0,0.092628,0.0,-0.045474052,0.34359264,-0.017314196,0.05585599,0.87876725,0.35815644,-0.0,0.4095192,0.12640977,0.007687092,0.3335272,-0.040237427,0.3193754,0.5607432,0.032609463,0.026068687,0.072990894,0.045597076,0.05261016,0.09692812,-0.035079002,-0.04050708,-0.098540306,-0.23415661,-0.24791574,-0.09713411,0.12720013,0.17247915,-0.377254,-0.06822109,0.20599079,0.218014,0.31092143,-0.07189655,0.2164104,-0.052422285
D,0.49140358,0.0,0.0,2.5552635,1.5687764,1.580923,1.4347651,0.0,1.0290587,0.25880396,0.27187443,0.6335373,0.69729555,1.0060488,0.5270356,0.15161514,0.84948313,0.40899372,-0.024693012,0.0,0.17956448,0.166049,0.2554034,0.07172251,0.32633567,0.676244,0.10219765,0.08773804,0.08772373,0.06761265,0.074862,0.10800457,-0.09916139,0.057701588,-0.13996172,-0.25566578,-0.057264805,0.17860937,0.1372428,0.23451829,-0.10826945,0.25902855,-0.24426651,-0.29475117,-0.01182127,-0.041578054,-0.096279144,0.043371677
E,0.0,-0.0,0.0,1.9075508,0.8207338,0.0,0.8085576,0.0,0.0,0.0,0.061169147,0.0,0.45595074,0.905661,0.26797342,-0.047052145,1.1049262,0.40915906,-0.0,-0.0,0.11688304,0.092077255,0.19911718,-0.07782817,0.14917421,0.5795561,0.06621361,0.08711171,0.06847358,0.0014300346,0.02632904,0.0816524,-0.10524082,0.052451134,-0.12570429,-0.23436165,-0.21834373,-0.007810116,0.11593962,0.16827917,-0.10729504,0.0,-0.15372133,-0.0020856857,0.0,-0.2128601,0.0,-0.035066128
F,-0.34129,-0.6238737,0.0,-0.03191948,-0.5666747,0.15208197,-0.12272167,0.0,0.2188065,-0.0,-0.4178934,0.26894152,-0.17400265,0.15548229,-0.26085472,-0.1374383,0.1678071,0.1376419,-0.0,0.024193048,-0.08503723,-0.17103672,-0.16105318,-0.39897203,-0.18003893,0.11946964,-0.26444912,-0.42385674,-0.34301138,-0.28136635,-0.05296707,-0.10271406,-0.13368225,0.017358303,-0.2524433,-0.18967056,-0.114685535,-0.32918453,-0.30181742,0.025557041,-0.7307091,-0.36402416,-0.3501253,0.029769897,0.38268423,0.02013874,0.0058226585,-0.17155647
G,0.3718965,0.0,0.0,2.0365126,0.39941788,0.0,0.52396417,0.0,1.1568528,0.15983081,0.0,0.0,0.14584827,0.6259253,0.2011118,0.0,0.70607936,0.20714808,-0.031466007,0.0,0.05086851,0.13956785,0.36159158,0.15089607,0.21709895,0.6034193,0.16636372,0.13106298,0.11790252,0.06847954,0.07541394,0.10648179,-0.034496784,0.05630064,-0.098743916,-0.23554754,-0.17562532,-0.03792119,0.13862753,0.24847221,-0.12621021,0.1360569,0.14905834,0.02082014,0.3034464,-0.13806725,-0.048820496,-0.10921955
H,0.28983498,-0.0,0.0,1.3614595,0.17799067,0.7462579,0.0,0.0,0.0,0.0,-0.014569759,0.0,0.07634258,0.5112883,-0.10057974,-0.12480354,0.0,0.0,-0.0,0.41281486,0.0715425,-0.062435627,0.0,-0.06088543,-0.013521194,0.43489003,0.108244896,0.116963625,0.008823633,0.0104551315,0.052613735,0.089459896,-0.08759594,0.044555426,-0.115024805,-0.17987585,-0.196558,-0.12766695,-0.09694576,0.13886309,-0.3650689,-0.10061836,-0.18162346,0.23941469,0.43091524,-0.024034023,0.35043776,0.03468895
I,-0.15854454,-0.5415106,0.20770597,0.0,-0.46603823,0.3297081,-0.13942623,0.0,0.04559636,-0.0,-0.47255802,0.0,-0.07753706,0.0016889572,-0.2450409,-0.14920855,0.0,-0.013363838,-0.12391615,0.07436943,-0.09713054,-0.16135454,-0.17761278,-0.43002033,-0.20241451,0.0,-0.3483572,-0.46830273,-0.23132896,-0.273952,-0.04689169,-0.09363747,-0.12592983,0.07121611,-0.22463417,-0.40283298,-0.17732668,-0.38645267,-0.34074688,0.0,-0.60909796,-0.44774055,-0.33464575,0.22044897,0.058817387,-0.11598635,0.20539188,-0.21857166
K,0.24545717,0.0,0.0,1.416173,0.41261327,1.2564964,0.0,0.0,0.0,0.0,0.0,0.0,0.26114357,0.65806663,0.08438516,-0.0,0.0,0.19795847,0.084237576,0.19434714,-0.022444248,-0.07554865,0.47230506,0.21199775,0.23798132,0.67628574,0.06601834,0.053930998,0.09130621,0.10728717,0.07918525,0.09612322,-0.081717014,-0.09011102,-0.18410349,-0.35105562,-0.3539958,-0.09816337,-0.14919138,0.21279407,-0.17509127,-0.23411083,0.0,0.41496992,0.67818224,0.26670825,0.48057532,0.1324997
L,0.007516861,-0.0,0.2282095,0.37522948,-0.41301394,0.0,-0.08218193,0.06348801,0.23056269,-0.0,-0.44966316,0.3317299,0.05477929,0.2637422,-0.17749023,-0.18340969,0.0,0.17447567,-0.0,0.07184601,-0.06335163,-0.16546059,-0.039691925,-0.25863504,-0.075315,0.1687274,-0.2983451,-0.40301657,-0.22650862,-0.25440502,-0.03439164,-0.062328815,-0.049304962,0.032488346,-0.12247515,-0.21077251,-0.14458132,-0.27865648,-0.2584157,0.09968448,-0.52059746,-0.39948177,-0.3293972,-0.049567223,-0.11605072,0.14970899,0.024442911,-0.20214844
M,0.10106826,-0.1439457,0.6035074,0.8580512,-0.29794312,0.50121045,-0.0,0.56803286,0.0,-0.0,-0.0,0.0,0.0,0.0,-0.0,-0.0,0.0,0.0,0.03138137,-0.0,-0.067958355,-0.11594343,-0.016246557,0.023328066,-0.11452603,0.70264614,-0.015974998,-0.25681734,-0.17581749,-0.08473015,0.011124134,0.07995939,-0.15909815,0.059529305,-0.049964905,-0.19229078,-0.22485542,-0.15332413,-0.15194559,0.11561394,-0.31011152,-0.2896824,-0.2802801,-0.03967285,0.291,0.16147423,0.16550541,-0.10605621
N,0.5747242,0.0984149,0.0,1.979938,0.8792089,1.4002538,0.7492459,0.0,0.0,0.0,0.4271201,0.5387809,0.36485112,0.70340514,0.3707732,-0.05948305,0.5069246,0.15857053,-0.021413088,0.12206507,0.04043913,0.043977976,0.07979202,0.095214605,0.16298771,0.29569745,0.17366743,0.108766556,0.14988828,-0.058881283,0.033974648,0.08767748,-0.059521914,0.06919575,-0.11749601,-0.21118641,-0.1934495,0.06345296,0.0044136047,0.18120384,-0.013896942,0.07191396,-0.04284954,0.26688385,0.31751776,-0.20338821,0.4952867,-0.046151638
P,0.58503735,0.6424267,1.7016926,3.039751,2.528345,0.0,0.99965787,0.0,0.0,0.62553215,0.36274374,0.0,0.6097404,1.2009125,0.4472667,0.26915288,0.6686759,0.17343187,0.089245796,-0.104658365,0.035322905,0.23031282,0.11035013,0.21667671,0.16235924,0.40925622,0.14843321,0.113631964,0.1192348,0.11552882,0.10914564,0.11145949,0.005877495,0.013602257,-0.14681864,-0.28203392,-0.00868082,0.14918804,0.08637333,0.11047959,0.0,0.25811422,-0.23455381,0.29588735,0.16001272,0.039414644,-0.074327946,-0.047222614
Q,0.0,0.0,0.6262859,1.5455813,0.20268512,0.0,0.0,0.0,0.0,0.0,0.0,0.0,0.0,0.5480125,-0.022706985,-0.0,0.0,0.0,0.0,0.0,0.006978035,-0.052589655,0.2196095,0.03395176,0.08029485,0.5183234,0.10501623,0.04956293,0.043787956,0.04698944,0.057331562,0.09665251,-0.059191942,-0.014345884,-0.15718412,-0.25263405,-0.2946205,-0.13052607,0.037209034,0.15241551,-0.32467747,-0.16176319,-0.01423502,0.14548182,0.2912947,-0.15265322,-0.0028421879,-0.041826963
R,0.0,-0.0,0.0,1.1232834,0.077608585,0.0,0.0,0.0,0.0,0.0,-0.014457226,0.0,0.0,0.3330965,-0.05607891,-0.23416662,0.46560323,0.18194342,-0.0082829,0.018678188,-0.056629896,-0.07753682,0.1366241,0.0,0.35691023,0.30161524,0.05554247,0.0043387413,0.03544545,0.08569193,0.05577326,0.092268944,-0.0886569,-0.06685877,-0.18754673,-0.31557846,-0.3627348,-0.14096642,-0.18887854,0.11285615,-0.4430709,-0.30933285,-0.10674286,0.41132116,0.6276262,0.21235609,0.8348733,0.0748291
S,0.39663374,0.1455059,1.2523961,1.596252,0.0,1.0432578,0.07589626,0.7437109,0.0,0.0,-0.10632944,0.57236946,0.10218716,0.5590131,0.0,-0.22454977,0.38696337,0.26273,0.09516859,0.16313863,0.046263218,0.003592968,0.14917803,0.27732658,0.17058015,0.5598558,0.1174016,0.07707858,0.07505083,0.06839609,0.08009386,0.1091671,-0.09492087,0.03761387,-0.16010952,-0.23943901,-0.22100592,-0.13791084,0.0048775673,0.21590662,-0.29873466,-0.0470376,-0.23522282,0.07056451,0.15387058,0.014381409,0.015214205,-0.08599615
T,0.117218494,0.0,0.0,1.1967232,-0.017834187,0.0,0.18762016,0.0,0.0,-0.03167534,-0.2197094,0.48142016,0.020000935,0.5092745,-0.13613653,-0.19228268,0.34886992,0.17205048,0.0,0.086974144,0.01606512,-0.13298845,0.008230686,0.3071401,0.0,0.3827182,0.014241219,0.0,-0.03546834,0.038098335,0.060876846,0.097957134,-0.0827806,0.06696129,-0.11254454,-0.17801046,-0.26217365,-0.17758179,-0.10871363,0.16627192,-0.35483313,-0.12744331,-0.34851646,0.022343397,0.10702777,-0.13007832,-0.06873393,-0.119933605
V,-0.13378716,-0.39026022,0.122857094,0.16665459,-0.46095657,0.0,-0.27691555,0.35672688,0.0,-0.49013376,-0.51665306,0.3029189,-0.09473634,0.123657465,-0.30341482,-0.16109419,0.06415844,0.0841527,-0.0,-0.0,0.004792452,-0.21726274,-0.03630972,-0.26589918,0.0054945946,0.16616106,-0.21611166,-0.3219099,-0.29826593,-0.1599164,0.04775071,0.061784744,-0.074100494,0.013622761,-0.12096405,-0.28123426,-0.17769337,-0.28224897,-0.22722387,0.0490613,-0.50044394,-0.32709932,-0.318285,-0.06641841,-0.083146095,-0.2804513,0.07773948,-0.25167465
W,-0.0,-0.0,-0.0,-0.06428337,-0.3847232,0.0,-0.0,0.15754914,0.0,-0.0,-0.0,0.0,-0.23774624,0.0,-0.31970072,-0.0,0.0,0.0,-0.0,0.0,-0.115548134,-0.1330185,-0.29514027,-0.37862015,-0.31036425,-0.095020294,-0.3855405,-0.49445343,-0.3805976,-0.37741947,-0.10015154,-0.1013875,-0.12945604,0.01008153,-0.21078205,-0.26044655,-0.23879719,-0.4142146,-0.37527227,-0.0786829,-0.76246023,-0.43233824,-0.5068593,-0.21268463,-0.08818674,-0.21739101,-0.2340889,-0.14282227
Y,-0.184731,-0.0,0.08364725,0.13463402,-0.34664154,0.0,-8.1300735e-05,0.0,0.0,-0.0,-0.37292194,0.0,-0.16229439,0.24652767,-0.19182444,-0.19967222,0.6685804,0.2257936,-0.078287125,0.24584436,0.0013861656,-0.12735796,-0.0995481,-0.2763028,-0.1996851,0.18948984,-0.17151928,-0.29021072,-0.14124632,-0.2023158,0.0101258755,0.074440956,-0.07375836,0.07313514,-0.047899008,-0.1449337,-0.19820929,-0.29245472,-0.2458229,0.056144238,-0.5349388,-0.3151574,-0.32500696,0.0,0.07772899,0.0,-0.13507223,0.0
-,0.0,0.0,0.0,0.0,0.0,0.0,-0.0,0.0,0.0,-0.0,-0.0,0.0,0.0,0.5893148,-0.0,-0.0,0.0,0.0,0.0,-0.0,-0.06961298,-0.085758686,-0.059203148,-0.082475424,0.034473658,0.23010588,-0.10425544,-0.01563263,0.0,0.0,0.0,0.0,0.0,0.0,0.0,0.0,0.0,0.0,0.0,0.3300755,-0.31238604,-0.37344646,-0.51410675,-0.09784269,0.008317947,-0.24346685,0.14663649,0.0056102276
