,28,29,30,35,36,37,38,52,53,54,55,56,57,58,59,62,63,64,65,66,105,106,107,108,109,110,111,111A,111B,111C,111D,111E,111F,111G,112H,112G,112F,112E,112D,112C,112B,112A,112,113,114,115,116,117
A,-0.011430435,-0.011775842,-0.0051340237,-0.00526329,-0.0024182496,-0.0075644255,-0.06615585,-0.002838671,0.00013649258,0.09871158,0.065028355,0.0033946182,0.0016473992,0.0010045519,0.003594725,0.0037750327,0.004864782,0.005059109,0.0035757846,0.0067787026,0.124013536,0.13381359,-0.0038034043,-0.0017532181,-0.0026942464,-0.0035679191,-0.0043880297,-0.0025644675,-0.0018596124,-0.00063277944,-0.0002214868,7.302068e-05,0.0006381954,0.00016686773,-2.7107346e-05,0.00024816993,0.00027983153,0.00028526402,-0.00019442177,0.00024722095,-0.001627265,-0.0019727438,-0.00258061,-0.0029576353,-0.0027040178,0.006410153,0.0029295012,0.004470139
C,-8.201279e-06,-7.1717375e-05,-0.000109513036,5.61029e-05,-1.5556402e-06,2.9570663e-05,5.7515213e-06,6.66856e-07,-2.0222866e-05,-1.9484893e-05,7.1801396e-06,2.1033427e-05,2.0078116e-05,-0.0001128571,9.377922e-06,0.0004688738,0.0005333461,4.1779724e-05,2.5172627e-05,-9.46025e-05,-0.00012678759,8.9375106e-05,0.00029075236,4.085934e-05,0.0001415184,5.9307782e-05,3.5937643e-05,1.6678706e-06,-1.8861741e-06,-1.1122471e-05,-3.8708313e-06,-2.5510897e-06,3.1126442e-06,5.6594436e-06,3.3416454e-06,1.0036596e-05,5.2836094e-06,1.5668344e-05,2.5342011e-05,3.2996653e-05,1.4553752e-05,1.2442501e-05,8.274307e-05,0.00023337822,0.0002568249,6.363423e-05,3.401743e-05,2.804905e-05
D,-0.012453116,-0.011603991,-0.024756677,0.008710515,0.0022990375,-0.012895491,-0.004219112,-0.0048068077,-0.0006311739,-0.0047855237,-0.0017099354,-0.0038782235,-0.0016990665,-0.010957452,-0.0033128154,0.015450929,0.018509,-0.000634067,0.0018891678,0.0006531292,-0.004227951,-0.0042220713,0.058532305,0.0021316085,0.0014254868,-0.00070767524,-0.0050161984,-0.008976711,-0.007510558,-0.006191569,-0.005183189,-0.0039450172,-0.0032114685,-0.0028930702,-0.0028122927,-0.0027478042,-0.002753504,-0.0035905568,-0.002716798,-0.0033883636,-0.00017309183,0.0023451902,0.0049079405,-7.668683e-06,-0.0057700113,0.007940117,-0.06546734,0.008660246
E,-0.00035289227,-0.00048280007,-0.003096578,0.0029989772,0.0029417493,-0.0021528008,-0.001741265,-0.00047930866,-0.000263373,-0.00088369456,-0.00040718153,-0.00051574997,-0.0015560993,-0.0009400325,-0.0023866256,-0.0020176168,-0.0025369802,-0.0015510746,0.00065623067,-0.00042760037,-8.310277e-05,-2.3972008e-05,0.0012855913,0.0012525914,0.0016584597,0.0019884326,0.00022336979,-0.0007905708,-0.0005756224,-0.0007638406,-0.0006493624,-0.00043439417,-0.00040340118,-0.00031726595,-0.0003486346,-0.00031884282,-0.00032890917,-0.00036066963,-0.00025312306,-0.00022912622,0.00013836121,3.70812e-05,-9.399265e-05,-0.0016959687,-0.029354483,-0.00036946064,-0.00022640103,0.00043874368
F,-0.05538935,0.01464632,-0.4313411,-0.009980647,-0.013313382,0.011304685,0.005004716,-0.0049100285,0.0008418363,0.005043331,0.0037902005,-0.000953445,0.0074562132,-0.002005601,0.00839027,0.0054483516,0.0040072966,0.0042431913,0.0024189362,0.00056936604,0.0035395627,0.00522943,0.0060701235,-0.0054307547,-0.005024705,-0.0039115036,0.0015702741,0.0033531277,0.0033466727,0.002911971,0.0029526572,0.002060285,0.001952661,0.0019708532,0.0018651277,0.0018848894,0.002057449,0.0022300747,0.0028345932,0.0022135624,0.0006596096,-0.0007644058,-0.003365362,-0.005099783,0.0008726746,0.0039796545,0.0013103384,-0.0003322994
G,-0.008534712,-0.02041582,-0.020704811,0.016364632,0.0060204538,-0.009743783,-0.0072113234,0.00016531175,-0.0016441981,-0.0011700552,-0.0025578025,0.0013237832,-0.0019976888,-0.005188516,0.0027344509,0.072074905,0.13790308,0.0052848086,0.0038639712,0.00018112327,-0.0026216353,-0.004409409,0.0078175,0.007616623,0.0071636355,0.0031814105,-0.001860161,-0.0063385884,-0.004764811,-0.0035574245,-0.0029382205,-0.0020051503,-0.001481499,-0.0016840092,-0.0022037535,-0.002460246,-0.0025922195,-0.0028361203,-0.0022851336,-0.0012147457,-0.00055009563,0.0035418312,0.009219006,0.014102984,0.02590155,0.00040959282,0.003930836,0.0006774127
H,-0.00041269063,-1.2975824e-05,-0.0009757345,0.0016898657,0.00019572006,0.00070096727,-0.0007391412,-0.00017987104,-0.0003007209,-0.00044167088,-2.7546764e-06,3.3557117e-05,-4.38609e-05,-0.0002835043,-0.0003094154,-0.00040438227,-0.0004201994,0.00050193246,0.00035275065,0.0012088395,0.00045228953,0.0004486865,-0.00050374615,0.0010728424,0.001096966,0.0012556415,0.0007248152,0.00022624769,8.575961e-05,-8.944054e-05,-5.133154e-05,1.4211649e-05,2.6245745e-05,5.8942245e-05,1.9636658e-05,2.130513e-05,-4.3862463e-05,-6.897228e-05,-1.2522697e-05,4.167914e-05,0.0002218292,0.00045567928,0.0013040102,0.0023661067,0.0026275057,0.0031435855,-0.00060726114,0.0006550696
I,-0.011481123,-0.15953547,0.0115048615,-0.0010178037,-0.0018042697,0.0054472527,0.007489589,0.0014794989,0.004195303,0.00799888,0.009885748,0.09509554,0.005960053,0.0070315315,-0.00030365644,0.008089225,0.010173682,-1.2578687e-05,0.004268032,0.0019298521,0.0062113535,0.002870043,0.010996698,-8.623705e-05,0.0004815493,0.0036394855,0.0048091654,0.0066185514,0.0053263465,0.0038319565,0.0035354125,0.0025528776,0.0023537646,0.0026269678,0.0030260773,0.0032535156,0.0034286438,0.0038228512,0.00371031,0.003552027,0.0036578602,0.0022251592,-0.0005025711,0.00028532388,-0.00066297577,0.0005322343,0.0010106514,0.0025909655
K,-0.00094548566,-0.0014622574,-0.0031899658,0.0011990658,0.0010792041,-0.0012538998,-0.0009915906,0.0002731636,0.00026410428,0.00038423546,-0.00040110506,-0.00020944561,-0.0010329217,-0.000113339236,-0.0004550363,0.00017297271,0.00017681324,0.0001994569,-0.0006364044,0.0005196387,0.0004918521,-0.0020018155,0.006842024,0.0017154979,0.0014809264,0.0010643633,0.00044697375,-0.00012025921,-9.051472e-05,-0.00021095024,-0.00016879111,-4.6407444e-05,4.6185432e-05,0.00010555241,0.0001725475,5.5691016e-05,-1.6024538e-05,-7.835111e-05,-0.00020006244,-0.0001099689,-8.870265e-05,0.0008019306,0.0019461768,0.002407924,0.023078155,-0.0019123016,-0.00029855047,-0.00035975513
L,-0.0023832656,0.0053940695,-0.0126725705,-0.006638423,-0.00829307,0.006814044,0.00525067,-0.071660236,0.002250409,0.0030607707,0.0041350736,-0.0011533233,0.0030265388,0.0009398747,0.0056076045,0.0059248377,0.004089984,0.0018125633,0.0030195971,0.0034928417,0.0048173415,0.0020921724,0.0019756176,-0.0057780733,-0.0059309453,-0.0052292813,-0.0011454781,0.0022760688,0.0016645557,0.0026336003,0.002291132,0.001717009,0.0014703365,0.0012785881,0.0014955791,0.0015995165,0.0018839027,0.0019871888,0.0017392738,0.0015347877,0.0007390806,-0.0020155637,-0.0022634633,-0.0039178017,-0.004065893,0.0013049216,0.0037155515,0.0035096416
M,8.666198e-05,7.5831835e-05,0.00014704159,0.00014412479,0.00023152091,0.00034409,0.0002435699,8.044549e-05,3.8052847e-05,9.781013e-05,5.8129954e-05,2.87123e-05,-4.8567243e-05,0.00019953502,0.00010028881,0.00013982331,0.00010445806,0.00022211212,-7.106393e-05,1.688096e-06,-0.00013987187,6.5204185e-05,6.944203e-05,-5.4962075e-05,9.307763e-05,7.56607e-05,0.00016875661,0.0002219442,0.00014125316,0.00014575725,0.00010785244,7.418452e-05,6.623208e-05,4.236607e-05,3.7781087e-05,3.5134686e-05,5.1356943e-05,4.4024477e-05,4.857461e-05,4.0498253e-05,-1.3700198e-05,2.7217213e-05,-0.000103894294,1.2662075e-05,3.310933e-05,0.0051850746,-0.0002923372,4.7042618e-06
N,-0.0027315812,-0.004358588,-0.012886821,-0.004167541,-0.0048466804,0.06047628,-0.0047385716,-0.0029061353,0.00070917973,-0.001591739,-0.0021384691,-0.0021981376,0.005758911,-0.0046251137,0.005190795,-0.0034803406,-0.0012183951,0.0012377342,0.0038525504,0.019206546,-0.016332645,0.0002756469,-0.0032424328,-0.003757368,-0.004048376,-0.006675927,-0.006771273,-0.0057792147,-0.0041809585,-0.0025247536,-0.0016923792,-0.0011751686,-0.0012585144,-0.0014075765,-0.001386424,-0.0017122944,-0.0017954174,-0.0022808488,-0.0022748716,-0.0030637858,-0.0036344307,-0.003425521,-0.0020815872,-0.0032237363,-0.0024497684,-0.0025803784,0.00812941,-0.0017072664
P,-0.004287181,-0.0047637145,-0.0059773694,0.01206753,0.016813004,-0.005084477,-0.0018869361,-0.0024414542,-0.0007523758,-0.0009970864,-0.001471726,-0.0010725292,-0.002356967,-0.004402653,-0.00255156,-0.0022633881,-0.0004377448,-0.0004547503,0.0009141968,0.0035252636,-0.00049822056,-0.00054462644,0.002477967,0.013870261,0.009796117,0.01158468,0.0077051315,0.0018589674,0.00048277574,-0.0013038618,-0.0016583655,-0.0015560703,-0.0012063617,-0.0012331796,-0.0011758419,-0.0012022902,-0.0012440089,-0.0010786375,-4.1335305e-05,0.0010816464,0.0046232245,0.008001186,0.010811331,0.011221454,0.008210288,0.0023574613,0.0012670548,0.00091257354
Q,-0.0011503443,-0.00049131596,-0.0009890842,0.0039717034,0.0024695785,-0.0015539043,-0.00033707335,0.00014184893,-2.8592283e-05,-0.00019138829,-0.00073424284,-0.00022764885,-0.0005072549,0.00021204479,-0.00049009884,-3.8178925e-05,-0.0011253306,-0.00011347539,0.00023304691,0.0002531344,0.00046589956,-3.740113e-05,0.0039475495,0.0026565657,0.0027213476,0.0023580077,0.00088127813,0.00063191645,0.00017378588,-0.00035248516,-0.00036750123,-0.00020636771,-0.00011958036,-2.6065958e-05,9.4436555e-06,-2.1869038e-05,-2.378191e-05,-6.230966e-05,8.959144e-05,0.00013192241,0.00074328796,0.001509587,0.0019526634,0.0031461266,0.0037115165,-0.0002456361,-0.00084443734,-0.00044089233
R,-0.00670608,-0.000681178,-0.0048743705,-0.0003221487,0.00079599785,0.0019474806,-0.00073758466,0.0013869402,0.0002880992,-0.0006246273,-0.00014000219,-0.00020879626,0.00028159877,5.0974708e-05,0.0019452849,0.002897321,0.0026124036,-0.00017573744,0.0026123151,0.001205472,0.0021825694,0.0029981122,0.020880064,0.003708387,0.005544409,0.0035846862,0.00082056626,3.3813692e-05,0.0004223897,0.00032411245,0.0006819851,0.00083740253,0.00092145597,0.0012649363,0.0010502766,0.0005660907,0.00037260455,0.00022603037,0.00017010483,0.00045377307,0.00026115676,0.002960271,0.00770378,0.014225603,0.048245043,-0.0018383658,-0.0059840577,-0.0033224372
S,0.071931176,-0.010533757,-0.016683698,0.0016681096,0.0013031492,0.0015186571,-0.000926511,-0.003334295,-0.0006762842,-0.004688933,0.0013855506,0.0009226094,0.009639001,-0.001375597,0.04564981,0.0017420227,0.0011480037,0.044142373,-0.0022896733,-0.0015020347,-0.0077617387,-0.010294131,-0.00039570857,0.00257442,0.003076096,-7.076693e-06,-0.003642997,-0.0058125337,-0.0052746283,-0.0036754687,-0.0031790105,-0.0020516885,-0.0013166531,-0.0008205514,-0.0010224141,-0.0011063652,-0.0015696668,-0.0018435054,-0.0021223342,-0.0011848713,-0.0020182151,-0.00083999074,0.001760112,0.0009964781,-0.0026386606,-0.000791713,0.0027272992,0.00021425274
T,-0.005971581,0.0284206,-0.007542028,-0.0016035878,-0.00073352415,0.0014645167,0.0010597053,-0.0029691283,0.0012195386,-0.00062024634,-0.00095316995,0.003935461,0.0011135247,-0.0020529102,0.00088474265,0.0004410598,0.0018988287,0.0013470134,0.17356166,0.00032939287,-0.003160092,0.0009448479,0.002242841,-6.6795306e-05,-8.91959e-05,-0.0014698618,-0.0030758537,-0.0036802054,-0.002310632,-0.0018373749,-0.0013589624,-0.000487944,0.00032979675,0.00033085316,-0.00026289647,-0.0005406351,-0.0011772859,-0.0014542353,-0.0020403557,-0.0014852491,-0.0022642238,-0.0012537066,-0.0014677106,-0.0024520722,-0.00043761253,-0.0011015738,0.0035942574,0.0018228914
V,0.010966368,0.00891233,0.015941,-0.034318265,-0.017999029,0.0056890417,-0.0085904775,0.004734134,-0.09754682,0.0036269734,-0.005710307,0.002835603,0.0026888833,0.0048189703,0.008874951,0.001567211,0.002195941,0.0028581936,0.0062096403,0.0070733926,0.0024507497,-0.0018512165,-0.004342522,-0.0067084776,-0.009658693,-0.006971202,-0.003194315,0.0022020263,0.0020554252,0.003401437,0.0031532298,0.0026994864,0.0026541227,0.0025178087,0.0028781951,0.002929658,0.0034447743,0.003767323,0.0034437783,0.0033900284,0.0009087623,-0.002399328,-0.0036632065,-0.008433019,0.0015298929,-0.001116226,0.0011284652,0.0041222633
W,0.004615822,0.0051874337,0.0049599945,-0.015902895,-0.012345522,0.0034696392,0.0015479493,0.0017296787,0.0010022137,0.0014471387,0.0018725389,0.0025410808,0.0024338597,-0.053231444,-0.0038053172,0.0026419119,0.0017365743,0.0011597053,0.001710491,0.0015508973,0.0012738365,0.0012678369,0.0024224522,-0.01227602,-0.013371879,-0.010472393,-0.007828329,-0.0029139412,-0.0005885634,-0.00014493825,0.00036688035,0.00025816387,0.00030510823,0.00032678992,0.00049427745,0.00061589584,0.0008441619,0.0007228159,8.1131955e-05,-0.0008507529,-0.002030942,-0.0067254785,-0.008626608,-0.006068855,-0.0021197693,0.0010222689,3.3004777e-05,-0.00036997953
Y,0.019273365,0.027002836,0.02554477,-0.020799432,-0.03004239,-0.18941063,0.0059595476,0.007963968,-0.000642022,0.003791824,0.003327905,0.009895783,0.002441575,0.00089585927,0.008558171,0.0007043614,-0.00054627203,0.0019304442,0.010316974,0.022482373,0.009530738,0.005681282,0.006524749,-0.011545116,-0.012152221,-0.012315004,-0.0041917935,0.0041670254,0.004124726,0.0053114784,0.0047193132,0.003179942,0.0025954167,0.0024312127,0.0026823578,0.003320409,0.0038355514,0.0049643633,0.0046172636,0.00473784,0.0016737253,-0.0034705584,-0.0076713157,-0.009349473,0.0046887435,0.004953593,-0.0048498996,0.101302005
-,0.0,0.0,0.0,0.0,0.0,0.0,0.0,0.0,0.0,0.0,0.0,0.0,0.0,0.0,0.0,0.0,0.0,0.0,0.0,0.0,0.0,0.0,0.0,0.0,0.0,0.0,0.0,0.0,0.0,0.0,0.0,0.0,0.0,0.0,0.0,0.0,0.0,0.0,0.0,0.0,0.0,0.0,0.0,0.0,0.0,0.0,0.0,0.0
