,Y,I,F,S,S,Y,A,F,V,A,T,I,G,-,W,G,T,I,T,Y,A,A,Q,D,L,L,Y,Y,-,-,-,-,-,-,-,-,-,-,-,-,S,F,P,G,D,Q,A,Y
A,0.0,0.3930621,0.0,-0.35932302,-0.21809292,0.0,-4.7683716e-07,0.0,-0.051603794,-4.7683716e-07,0.06377363,0.0798583,-0.19529676,0.01101017,0.75539255,-0.4137025,-0.07088137,0.27085924,-0.018218994,0.0,-4.7683716e-07,-4.7683716e-07,-0.022755623,-0.18982267,0.32890368,0.19000006,0.27332687,0.28590918,0.05668497,0.14278316,0.17709732,0.17730904,0.08676958,0.019236565,-0.026016235,-0.14150667,-0.23824692,-0.24912977,-0.15781546,0.07358456,-0.08632994,0.14271402,-0.10640669,-0.13194561,0.1943264,-0.20782042,-4.7683716e-07,-0.020925999
C,0.46600008,0.0,0.0,0.1680584,-0.15246153,0.017995358,0.094976425,0.0,-0.0,0.0,0.072758675,0.0,-0.24129486,-0.09998274,0.72164154,-0.056783676,0.5390439,0.43348074,-0.0,0.19547653,0.2104559,-0.14117718,0.25680876,0.038356304,0.40253258,0.14394188,0.24927378,0.40881395,0.18982983,0.13846016,0.27878428,0.20549774,0.10046053,0.037996292,-0.0212183,-0.26742077,-0.15823078,-0.20010424,-0.07365513,0.09553528,0.020807266,0.24189663,0.1295867,0.044956684,0.2336998,0.12456322,0.2694893,-0.014656067
D,0.69923115,0.0,0.0,0.7139783,0.9034548,0.77793694,0.7140634,0.0,0.005530834,0.2611847,0.118840694,0.43779564,0.7531922,1.0709654,1.4962417,0.52702904,0.7689171,0.7217846,0.2419529,0.18961954,0.19080305,0.14921427,0.17442417,-4.7683716e-07,0.50978184,0.4329195,0.57627726,0.5984769,0.3723607,0.20858765,0.31603527,0.36550093,0.16635466,0.17481565,-0.08614206,-0.21412563,-0.11684656,-0.047564507,0.0025410652,0.25704145,0.052392006,0.03800249,-0.1927228,-0.122621536,-4.7683716e-07,-0.21994543,-0.04990959,-0.08270073
E,0.0,0.0,0.0,0.10003805,0.4027505,0.0,0.39764738,-0.0,-0.0,-0.0,0.042333126,0.0,0.3204317,0.5712819,1.3570173,0.10239887,0.54998875,0.6100764,0.0,0.0,0.078098774,0.037310123,-0.027715683,-0.15759802,0.45907974,0.37163687,0.49406815,0.5027051,0.27653742,0.081572056,0.24993277,0.21757603,0.10392141,0.09961653,-0.051626682,-0.20012379,-0.23318386,-0.23438168,-0.09162474,0.19202232,0.00977087,0.07141256,-0.20447302,-0.15110397,0.048455715,-0.14216948,0.0055189133,-0.07229757
F,-0.0557189,-0.039162636,-4.7683716e-07,-0.9551382,-0.726665,-0.06488609,-0.3660121,-4.7683716e-07,-0.08192015,-0.0,-0.22188997,-0.13740492,-0.75633144,-0.48989153,-0.006515026,-0.7329006,-0.46714687,0.11988735,-0.0,-0.077031136,-0.07004452,-0.17907381,-0.25975227,-0.49113464,-0.0570879,-0.10962963,-0.051855087,-0.07589722,-0.21468544,0.010986805,0.19924164,0.14768362,0.11552286,0.116772175,-0.03635025,-0.09615183,-0.16536379,-0.14235497,-0.26052666,-0.27608252,-0.15415907,-4.7683716e-07,-0.20845985,-0.16189146,0.14790249,0.09539127,0.16168737,-0.0052542686
G,0.65018225,0.0,0.0,0.26349735,0.123641014,0.0,0.2858057,-0.0,-0.043548584,-0.02989006,0.1260066,0.0,-4.7683716e-07,0.38095474,0.8803718,-4.7683716e-07,0.44408083,0.39308453,-0.011074066,0.0,0.074680805,-0.016431332,0.32037067,0.070444584,0.55263424,0.40542936,0.43629313,0.5582175,0.27609587,0.21780396,0.19056416,0.2403493,0.08167362,0.04321289,-0.059888363,-0.24864674,-0.124565125,-0.120815754,0.06878376,0.19577932,0.115020275,0.15438128,0.0582242,-4.7683716e-07,0.15808868,-0.06485987,0.043870926,-0.040096283
H,0.3904786,0.0,0.0,-0.12236214,0.09303141,0.049432278,0.0,-0.0,-0.0,-0.0,-0.019389153,0.0,-0.35161448,0.19940758,0.8922334,-0.103357315,0.0,0.27313232,-0.0,0.1691451,-0.10517073,-0.06348801,0.11059284,0.054108143,0.2665987,0.33947563,0.36689425,0.3147354,0.12485361,0.11376476,0.19878149,0.1387763,0.08652878,0.06454134,-0.038868904,-0.19511747,-0.15183544,-0.16886759,-0.08476114,0.11476374,-0.036056995,0.19723368,-0.073698044,0.0075974464,0.2680087,0.053493977,0.090269566,0.06257391
I,0.02362299,-4.7683716e-07,0.0074310303,-1.0100069,-0.5335536,0.11376381,-0.38589478,0.0,-0.20589066,-0.0,-0.31475592,-4.7683716e-07,-0.60843086,-0.5551195,-0.11157799,-0.77207375,-0.39179182,-4.7683716e-07,-0.11656666,-0.036658764,-0.20506811,-0.09138441,-0.25982285,-0.49132395,0.018967152,-0.08403158,0.009567261,-0.043391705,-0.20498753,0.08872986,0.21389437,0.15881157,0.14898539,0.09312725,0.008038044,-0.1699562,-0.2543211,-0.18690109,-0.14687014,-0.28102303,-0.21757984,-0.072443485,-0.1763382,-0.13180542,0.14143133,-0.0040836334,0.07247925,-0.022304535
K,0.38554907,0.0,0.0,-0.032968044,0.1968975,0.46926165,-0.0,-0.0,-0.0,-0.0,-0.0,0.0,0.12833738,0.039532185,0.8225918,-0.0,0.0,0.16456509,0.0040869713,0.19868755,0.074753284,-0.015247345,0.20457602,0.14556551,0.46339798,0.33977652,0.45569468,0.50386906,0.20323467,0.20799398,0.29805803,0.19071865,0.016995907,0.014377594,-0.09747219,-0.30516243,-0.1849451,-0.16773748,-0.093174934,0.2000432,-0.06759834,0.29428387,0.0027194023,0.19202566,0.47166872,0.32273483,0.13682842,0.17346716
L,0.14349604,0.0,0.2867055,-0.8077049,-0.42545033,-0.0,-0.24031591,0.06355858,-0.14643908,-0.0,-0.17426682,0.05468464,-0.59608364,-0.3726139,0.3440776,-0.6145811,-0.0,0.34483814,-0.0,-0.11069727,0.0067276955,-0.07205629,-0.13632727,-0.3695736,-4.7683716e-07,-4.7683716e-07,0.06665516,0.0370121,-0.15852976,0.16955185,0.1654048,0.22901726,0.12938309,0.07118034,0.030503273,-0.14309359,-0.21809101,-0.213552,-0.1844244,-0.16483736,-0.24333811,-0.06027794,-0.21723032,-0.10482454,0.10002041,-0.046512127,0.06676769,-0.022066116
M,0.24178171,0.36075306,0.49707747,-0.59743834,-0.3130908,-0.068229675,-0.0,0.06490898,0.0,-0.0,-0.0,0.0,-0.0,-0.0,0.0,-0.0,-0.0,0.0,-0.19501829,-0.0,0.035060883,-0.16486597,-0.15681076,-0.09290075,0.12867737,0.22680283,0.20886707,0.074401855,-0.12338877,0.05123329,0.10455418,0.14790535,0.055312634,0.12914515,0.024512291,-0.15311241,-0.15793324,-0.17689371,-0.09754133,-0.020754337,-0.13123083,0.110795975,-0.12742805,-0.09763527,0.2560439,0.027904034,0.12604189,-0.010309696
N,0.7124355,0.563714,0.0,0.33357763,0.4443102,0.46090698,0.3972063,0.0,-0.0,0.0,0.11172867,0.27707148,0.26638985,0.45124388,1.2822078,0.30338144,0.49804544,0.33526707,0.022850513,0.24518251,0.14444828,-0.011388779,0.20777035,0.1797638,0.6144042,0.35905123,0.5781102,0.6592479,0.33986473,0.07105875,0.24263144,0.13508129,0.07606697,0.050100803,-0.055649757,-0.22570133,-0.11860657,-0.08258343,-0.014588356,0.2064023,0.044887543,0.14629793,-0.07659769,-0.038445473,0.20011377,0.001385212,0.08391905,-0.06928778
P,0.81233644,0.97233224,1.416123,1.320885,1.4781113,0.0,0.31051826,0.0,-0.0,0.065784454,0.3259015,0.0,0.4651947,1.2902973,1.5658801,0.44791365,0.54586124,0.46833563,0.15756464,0.18122292,0.20726252,0.1175189,0.14436626,0.40586233,0.5265584,0.6421747,0.7149701,0.76498413,0.6948366,0.4733963,0.4761262,0.4169135,0.21704817,0.09914684,0.0065455437,-0.11762047,-0.05452156,0.041508198,0.0746088,0.2350545,-0.0010881424,0.2502179,-4.7683716e-07,-0.020827293,0.19359589,-0.08543587,-0.06374264,0.021521091
Q,0.0,0.0,0.6244669,0.023022175,0.19768906,0.0,0.0,-0.0,-0.0,-0.0,-0.0,0.0,0.0,0.27824736,0.91132617,-0.0,0.0,0.0,-0.0,0.0,-0.02711916,-0.12704468,-4.7683716e-07,0.08979607,0.33134508,0.30502558,0.3641448,0.39336967,0.21171093,0.13855743,0.24365759,0.2276206,0.07953739,0.035017967,-0.066063404,-0.21260548,-0.20776129,-0.21331453,-0.12696171,0.12344217,-0.046152115,0.25415754,0.027498245,-0.09375,0.21269941,-4.7683716e-07,0.09096098,0.026797295
R,0.3146634,0.0,0.0,-0.228724,0.06055069,0.0,-0.0,-0.0,-0.0,-0.0,-0.15183926,0.0,-0.21891308,-0.05833006,0.5215652,-0.35740328,-0.12205839,0.1525836,-0.15497446,0.07644081,-0.041031837,-0.066186905,0.10959482,0.16714239,0.40650558,0.26286554,0.38127518,0.379498,0.06821585,0.101278305,0.24147224,0.13480091,0.027670383,0.08129215,-0.079844,-0.26284838,-0.19512701,-0.21815538,-0.099425316,0.17618322,-0.015677929,0.21804953,0.0034852028,0.12865496,0.48647976,0.24150991,0.20249605,0.07623577
S,0.57806706,0.4735093,0.93926644,-4.7683716e-07,-4.7683716e-07,0.1920104,-0.0116381645,-0.006667614,-0.0,-0.024091244,0.15602827,0.029816628,-0.20327711,0.3700595,0.8407476,-0.12687016,0.018370152,0.35236645,0.0045285225,0.04091692,0.050317764,0.058639526,0.20668507,0.10055065,0.42371035,0.40720034,0.4153123,0.45638418,0.20580149,0.18249416,0.24099779,0.2252245,0.077022076,0.044014454,-0.07978821,-0.22079897,-0.19409323,-0.19730997,-0.05302334,0.110061646,-4.7683716e-07,0.107507706,-0.05079317,0.027191639,0.15707636,-0.001349926,0.006911278,0.028895855
T,0.42763233,0.4122877,0.0,-0.30490017,-0.15458441,0.0,0.074249744,0.0,-0.0,-0.15177631,-4.7683716e-07,0.09312391,-0.29995298,0.20999002,0.60376835,-0.34138823,-4.7683716e-07,0.29852676,-4.7683716e-07,0.09441233,0.028642178,-0.053394318,0.0073218346,-0.033945084,0.32164907,0.25564384,0.3430724,0.31937075,0.13165092,0.07392597,0.2328453,0.17750883,0.08820057,0.007071972,-0.07493353,-0.17053843,-0.19144297,-0.14929628,-0.10788441,0.07782316,-0.014665127,0.08585119,-0.062316418,-0.07327509,0.24537945,-0.05807829,0.004061222,-0.04080963
V,0.08348179,0.181983,0.17571545,-0.9296565,-0.5377407,0.0,-0.3979745,-0.04851532,-4.7683716e-07,-0.3056593,-0.33056736,-0.3424077,-0.60170126,-0.45525455,0.13059568,-0.6552906,-0.4061079,0.273201,-0.0,-0.0,-0.14250469,-0.054564953,-0.24214315,-0.35695124,-0.02802372,0.055874825,0.088751316,0.06317139,-0.16291189,0.1262703,0.14436483,0.16952944,0.1271553,0.05580473,0.023855686,-0.1355133,-0.2542181,-0.28787804,-0.26999378,-0.15135193,-0.22425365,0.031561375,-0.15742874,-0.15556955,0.262033,-0.10535669,0.07926369,-0.04894018
W,-0.0,-0.0,-0.0,-0.8791914,-0.595304,-0.0,-0.0,-0.028609753,-0.0,-0.0,-0.0,-0.0,-0.78512144,-0.46106434,-4.7683716e-07,-0.0,-0.0,0.0,-0.0,-0.0,-0.10237026,-0.050180435,-0.25965166,-0.5033903,-0.09080219,-0.08788347,-0.11073542,-0.16853285,-0.285223,0.018225193,0.24340439,0.22903013,0.12468815,0.15549469,-0.029677868,-0.10307932,-0.20581675,-0.21646833,-0.30202532,-0.283113,-0.1532507,-0.05674362,-0.20014,-0.17260265,0.020349026,-0.028603554,0.04912615,-0.014287949
Y,-4.7683716e-07,0.0,0.26056385,-0.6741061,-0.43004608,-4.7683716e-07,-0.21028233,-0.0,-0.0,-0.0,-0.14670992,-0.0,-0.5786457,-0.33873463,0.52878547,-0.52027655,-0.19439173,0.3427534,-0.13019562,-4.7683716e-07,-0.05373001,-0.11810827,-0.1620102,-0.37369537,0.0061588287,-0.026706219,-4.7683716e-07,-4.7683716e-07,-0.15996122,0.051867962,0.16756773,0.17186499,0.14368105,0.13008308,0.061305046,-0.13006115,-0.20029402,-0.26601362,-0.23362112,-0.12184715,-0.21167517,-0.033199787,-0.18886995,-0.0702014,0.16976643,0.09033775,0.095469475,-4.7683716e-07
-,0.0,0.0,0.0,-0.0,-0.0,0.0,-0.0,-0.0,0.0,0.0,-0.0,-0.0,-0.0,-4.7683716e-07,0.0,-0.0,-0.0,0.0,-0.0,0.0,-0.1868372,-0.15149307,-0.057109356,-0.026564121,0.379498,0.34908533,0.39834785,0.3311119,-4.7683716e-07,-4.7683716e-07,-4.7683716e-07,-4.7683716e-07,-4.7683716e-07,-4.7683716e-07,-4.7683716e-07,-4.7683716e-07,-4.7683716e-07,-4.7683716e-07,-4.7683716e-07,-4.7683716e-07,0.07862902,0.25517464,0.0015892982,-0.08662796,0.11153078,-0.16015053,0.021476269,-0.018645763
