,Y,I,F,S,S,Y,A,F,V,A,T,I,G,-,W,G,T,I,T,Y,A,A,Q,D,L,L,Y,Y,-,-,-,-,-,-,-,-,-,-,-,-,S,F,P,G,D,H,A,Y
A,0.0,0.34544227,0.0,-0.23040485,-0.14791584,0.0,0.0,0.0,-0.13568148,0.0,0.2030137,-0.105223574,-0.062289044,-0.46675774,0.87630206,-0.155556,-0.0029396117,0.41352493,-0.11968087,-0.0,0.0,0.0,-0.28569782,0.008516952,0.42239726,0.4865582,0.55177706,0.3161383,0.15460153,-0.05339967,-0.0029438045,0.003983006,-0.042839754,0.035063595,0.005565833,-0.060441643,-0.08862731,-0.12743613,-0.11357524,-0.037684057,-0.13347054,0.46493348,-0.3201649,-0.32610476,0.33567083,-0.19935952,0.0,-0.1889623
C,0.6439086,0.0,0.0,-0.005012378,-0.16396277,0.44139254,0.20988376,0.0,0.0,-0.0,0.1323489,-0.0,-0.011136103,-0.4989594,0.91924316,0.15601557,0.47587386,0.51298815,-0.0,-0.020736994,-0.20339082,-0.6449498,-0.04473892,-0.027059592,0.45234442,0.41409335,0.5410768,0.30781624,0.016212314,-0.047233075,-0.020162588,0.01735087,-0.011836611,0.035063595,0.005565833,-0.03952659,-0.08044322,-0.20251752,-0.06051723,-0.049671296,0.000101312995,0.40579593,-0.2924742,-0.1512598,0.5569444,-0.10359484,0.10919576,-0.12728068
D,0.5535071,0.0,0.0,0.7389585,0.75924647,0.58591086,0.6652665,0.0,0.03126172,0.10584236,0.08893233,-0.05297543,0.4711378,0.0770939,1.36226,0.60340554,0.6142892,0.79366076,-0.15584888,-0.044987187,-0.04898639,-0.35064322,-0.5362178,0.0,0.64592314,0.88380194,0.8038013,0.77441335,0.4149033,0.28036797,0.2207572,0.010922868,-0.038546532,0.035063595,0.005565833,-0.065072924,-0.104544,0.2554624,0.17321666,0.18475008,0.05240211,0.7134528,-0.2883482,-0.41150653,0.0,-0.6953032,-0.23509195,-0.595063
E,0.0,0.0,0.0,0.15383314,0.34891868,0.0,0.25147238,0.0,0.0,-0.0,0.033864073,-0.0,0.25557318,-0.17586556,1.1845337,0.44135097,0.6009102,0.66435605,-0.0,0.0,-0.33367229,-0.744478,-0.6203296,-0.15090482,0.4357229,0.5766801,0.62132895,0.44555092,0.21971224,0.042649366,0.021867458,0.01735087,-0.010712497,0.035063595,0.005565833,-0.039520163,-0.04802634,-0.07700064,0.048770905,0.011913031,-0.053808935,0.5058688,-0.38519338,-0.5370902,-0.038044333,-0.4647053,-0.12876639,-0.2344138
F,-0.22604167,0.14443728,0.0,-1.1775252,-0.97824574,0.15278861,0.075027704,0.0,0.09450048,-0.0,0.10390298,-0.030675184,-0.27198505,-0.9333595,0.22893137,0.030055393,0.3353107,0.5693424,-0.0,-0.20867176,-0.14356445,-0.44422707,-0.49441335,-0.61584145,-0.10853073,-0.09569129,-0.11303842,-0.1662266,-0.55007046,-0.3767485,-0.15492712,0.019468065,-0.03165903,0.035063595,0.005565833,-0.041721873,-0.083234124,-0.56342304,-0.5148823,-0.537789,-0.61261445,0.0,-0.75989807,-0.77722716,0.012506872,-0.12695305,-0.23603988,-0.20579858
G,0.9264268,0.0,0.0,0.39441407,0.16437873,0.0,0.48271573,0.0,-0.0068697706,-0.09213512,0.052506708,-0.0,0.0,-0.14078552,1.0250946,0.0,0.41596892,0.47499317,-0.42196277,0.0,-0.19573353,-0.25079653,0.09785858,0.13883519,0.7287853,0.8240304,0.82816267,0.593812,0.2923534,0.21597518,0.22360905,0.025768517,-0.026648972,0.035063595,0.0055265483,-0.029938946,-0.081566215,0.10260217,0.118112996,0.2132667,0.15148555,0.85356116,0.021106541,0.0,0.56778824,-0.02149538,0.059063923,-0.26964444
H,0.6451659,0.0,0.0,-0.051142946,0.038257986,0.46688044,0.0,0.0,0.0,-0.0,0.011926943,-0.0,-0.08616052,-0.42192233,1.0006386,0.15017459,0.0,0.49720713,-0.0,0.10647076,-0.21786776,-0.6112806,-0.18896817,-0.0321481,0.47445816,0.6212932,0.5514237,0.42299035,0.18376619,0.0050618425,-0.0009886366,0.015262278,-0.011836611,0.035063595,0.005565833,-0.03952659,-0.09805806,0.06457181,0.048122257,0.10635457,-0.018339217,0.58107924,-0.19911379,-0.1252926,0.4582669,0.0,0.3014938,-0.033804685
I,0.017238349,0.0,0.103925705,-1.2084873,-0.92662716,0.59160036,0.16674925,0.0,0.089462824,-0.0,-0.33274496,0.0,-0.11100961,-1.1842825,0.13064069,-0.5798722,0.047253817,0.0,-0.41752777,-0.016500756,-0.34376454,-0.59385186,-0.6671269,-0.5150629,-0.09564078,-0.13558933,-0.06821048,-0.17124906,-0.43503928,-0.41226375,-0.031012995,0.009052581,-0.011853985,0.035063595,0.005565833,-0.06230741,-0.11490019,-0.44031084,-0.50681835,-0.5289096,-0.6277128,-0.03814754,-0.85587454,-0.9073615,-0.06005013,-0.21233535,0.069859,-0.19547415
K,0.6004045,0.0,0.0,-0.059146404,0.05023019,0.71903384,0.0,0.0,0.0,-0.0,0.0,-0.0,0.17542437,-0.3989454,0.99072206,0.0,0.0,0.66356605,0.22850753,0.11798773,-0.15880857,-0.94653255,0.26314196,0.14572921,0.6173593,0.6739822,0.6726197,0.51072717,0.18804698,0.03305076,0.025783628,0.017336225,-0.011836611,0.035063595,0.005565833,-0.03952659,-0.0804369,-0.07362406,-0.071113676,-0.0240414,-0.08341569,0.655509,-0.12484072,-0.077803105,0.7578764,0.091413096,0.25489646,-0.15347865
L,0.2293356,0.0,0.26767462,-0.7957018,-0.8316717,0.0,0.029938862,0.15125029,0.120107114,-0.0,0.051699724,-0.15145832,-0.08878303,-0.7811782,0.54836303,0.009293614,0.0,0.5487908,-0.0,0.037608117,-0.3322432,-0.48903978,-0.7967354,-0.38247314,0.0,0.0,0.042027444,-0.06905991,-0.39212748,-0.41264784,-0.18596001,-0.027501995,-0.033903986,0.035063595,-0.016124206,-0.05825026,-0.053773254,-0.39246982,-0.41414553,-0.4289096,-0.5060363,0.06286225,-0.63740396,-0.6897838,0.06072229,-0.3138898,-0.06737956,-0.1711046
M,0.5159219,0.41946042,0.5023719,-0.31262025,-0.1425588,0.36208057,0.0,0.21580897,0.0,-0.0,0.0,-0.0,-0.0,-0.0,0.0,0.0,0.0,0.0,-0.06416596,-0.0,-0.20247364,-0.510567,-0.37298232,-0.041272685,0.3837911,0.5107252,0.4589597,0.32031122,0.023778487,-0.07081244,0.005338704,0.01735087,-0.011836611,0.035063595,0.005565833,-0.03952659,-0.0804369,-0.13720457,-0.1184227,-0.05628728,-0.16586062,0.57048,-0.27742958,-0.3932662,0.33469495,0.0028141588,0.07337651,-0.16458578
N,0.9439956,0.5188711,0.0,0.3221405,0.47788045,1.005298,0.4866659,0.0,0.0,-0.0,0.09511391,0.083596885,0.1904956,-0.003120333,1.123277,0.24077521,0.5018251,0.57353395,-0.22519864,0.019983841,-0.634755,-0.71451104,-0.17338341,0.061708584,0.6199937,0.7980035,0.83196187,0.62682354,0.34204638,0.09936778,0.069655165,0.004358963,-0.011836611,0.035063595,0.005565833,-0.03952659,-0.08206626,-0.122711405,0.19087242,0.13938808,0.015915021,0.79088795,-0.12094332,-0.17063133,0.49467513,-0.114329495,0.3144332,0.033328712
P,0.8080308,0.437939,0.5541878,1.2102023,1.3999155,0.0,0.27204555,0.0,0.0,-0.12959589,0.02816251,-0.0,0.1303854,-0.3750082,1.2848077,0.11483052,0.24487182,0.44386104,-0.21234465,-0.12018065,-0.03338772,-0.20029998,-0.5620984,0.22259921,0.6773771,0.95395005,0.9096072,0.88281053,0.43376678,0.30928147,0.20048372,0.008588315,-0.011831674,0.035063595,0.005565833,-0.040187083,-0.09889096,0.17955352,0.31437397,0.32417405,0.2333896,0.92080045,0.0,-0.084035516,0.5890442,0.024984047,0.14069149,-0.2051177
Q,0.0,0.0,0.3688107,0.0887772,0.1567238,0.0,0.0,0.0,0.0,-0.0,0.0,-0.0,0.0,-0.2746866,0.9769778,0.0,0.0,0.0,-0.0,-0.0,-0.23712917,-0.61155796,0.0,0.033218473,0.46770355,0.67463005,0.6153639,0.41469276,0.22405148,0.04621116,0.05419059,0.015928796,-0.011836611,0.035063595,0.005565833,-0.03952659,-0.115222394,-0.12048047,0.06299496,0.045694195,0.0099423975,0.73504245,-0.17982355,-0.14005671,0.43728057,-0.024577565,0.080886126,-0.14647368
R,0.500325,0.0,0.0,-0.23867747,-0.107815914,0.0,0.0,0.0,0.0,-0.0,0.15263957,-0.0,-0.16450499,-0.5219732,0.7590918,-0.39040065,0.33018816,0.2973637,-0.4285705,-0.1287053,-0.25214624,-0.98883116,0.104995996,0.106416866,0.5377623,0.57425016,0.58814245,0.38732526,0.054805994,-0.14580306,0.023107542,-0.003843572,-0.011933338,0.035063595,0.005565833,-0.058785163,-0.078572296,-0.2763591,-0.054658692,-0.06881336,-0.12063352,0.6053959,-0.13679488,-0.029168814,0.76712465,0.26685965,0.185325,-0.18085751
S,0.76780975,0.46202785,1.0553114,0.0,0.0,0.5828879,0.18315,0.031187773,0.0,-0.04631272,0.13710165,-0.016680922,-0.16842154,-0.19712004,0.91859555,-0.10714988,0.11820701,0.48787266,-0.18888497,-0.0409555,0.061740935,0.031680226,-0.26463297,0.15307137,0.581699,0.6920511,0.6056187,0.44632745,0.22866042,0.08381279,0.035163164,-0.012986425,-0.03561391,0.035063595,0.005565833,-0.03816086,-0.09806831,0.0020288825,0.086002395,0.0858782,0.0,0.6394137,-0.17076892,-0.18691225,0.43409377,-0.15497234,0.18189713,-0.18760292
T,0.56032795,0.5848152,0.0,-0.21892309,-0.033616006,0.0,0.27155274,0.0,0.0,-0.058166854,0.0,-0.02906778,-0.15064137,-0.3259163,0.78806555,-0.064681344,0.0,0.41809106,0.0,0.011563823,-0.16979074,-0.5296042,-0.5411326,0.017942742,0.39392385,0.47979355,0.5780669,0.40706193,0.16061519,0.07257751,0.048578903,0.017347751,-0.011467478,0.035063595,0.005565833,-0.042242117,-0.044854254,-0.12994692,-0.044694014,-0.017223835,-0.04346519,0.47825152,-0.26525468,-0.3334005,0.31024623,-0.07630471,0.07408029,-0.19258389
V,0.5800163,0.31116015,0.49077427,-1.0404989,-0.71794605,0.0,-0.44872564,0.11885787,0.0,-0.15275006,-0.44334403,0.027008396,-0.113296516,-1.0240729,0.42151687,-0.5080322,-0.30196396,0.20964292,-0.0,-0.0,-0.16541773,-0.49608314,-0.9022604,-0.30550444,0.041306674,0.038965613,0.11181304,-0.087765604,-0.2701993,-0.3418157,-0.21080548,0.02598897,-0.022175033,0.035063595,0.003452174,-0.05552429,-0.1435547,-0.306136,-0.35563743,-0.41721404,-0.47994488,0.092783034,-0.6766287,-0.73207045,0.2618148,-0.06344155,-0.09780478,-0.14027289
W,0.0,0.0,0.0,-1.1525604,-0.8997177,0.0,0.0,0.10032819,0.0,-0.0,0.0,-0.0,-0.22211397,-1.1937513,0.0,-0.0,0.0,0.0,-0.0,-0.0,-0.14050658,-0.6406105,-0.50923514,-0.79377854,-0.31103113,-0.25570038,-0.2571801,-0.23003364,-0.51731306,-0.6108226,-0.17296208,0.017350864,-0.011836611,0.035063595,0.005565833,-0.039526574,-0.100070775,-0.44611418,-0.4760931,-0.54719025,-0.6623088,-0.1952695,-0.8755419,-0.75036675,-0.12697029,-0.34956032,0.061239913,-0.16819134
Y,0.0,0.0,0.36785555,-0.9052071,-0.7589184,0.0,0.35413015,0.0,0.0,-0.0,0.12427838,-0.0,-0.025850978,-0.8781495,0.66418064,0.49015436,0.68237865,0.6929951,-0.21566173,0.0,-0.2943705,-0.60482323,-0.82751983,-0.49794814,-0.00803867,0.044370294,0.0,0.0,-0.24495457,-0.3183145,-0.2063145,0.030598208,-0.012073279,0.035063595,-0.01393841,-0.090566196,-0.16416338,-0.320215,-0.331726,-0.34266806,-0.45967698,0.16010556,-0.647019,-0.56224996,0.17458336,-0.16072062,-0.16155663,0.0
-,0.0,0.0,0.0,-0.0,-0.0,0.0,0.0,0.0,0.0,-0.0,0.0,-0.0,-0.0,0.0,0.0,0.0,0.0,0.0,-0.0,-0.0,-0.20223215,-0.510567,-0.36394027,-0.12112343,0.64017665,0.5808714,0.57284856,0.36651447,0.0,0.0,0.0,0.0,0.0,0.0,0.0,0.0,0.0,0.0,0.0,0.0,-0.09480508,0.43458936,-0.33542186,-0.65517145,0.31508648,-0.13643801,0.040518917,-0.18134986
