,F,T,F,K,V,N,A,L,V,A,R,I,T,-,I,V,G,N,T,Y,N,T,Q,E,A,Y,-,-,-,-,-,-,-,-,-,-,-,-,-,-,-,F,Y,P,K,Y,G,Y
A,0.0,-0.23937297,0.0,-0.17125845,0.5700302,-0.0,0.0,-0.0,-0.13568148,0.0,0.050374135,-0.105223574,0.08835232,-0.46675774,0.7456614,0.35247624,-0.41890854,-0.16000904,-0.11968087,-0.0,0.634755,0.5296042,-0.28569782,0.15942177,0.0,0.4421879,-0.021071509,-0.050376188,0.15460153,-0.05339967,-0.0029438045,0.003983006,-0.042839754,0.035063595,0.005565833,-0.060441643,-0.08862731,-0.12743613,-0.11357524,-0.037684057,-0.038665466,0.46493348,0.3268541,-0.24206924,-0.4222056,-0.038638905,-0.059063923,-0.1889623
C,0.8699503,-0.0,0.0,0.054134026,0.55398333,-0.5639055,0.20988376,-0.0,0.0,-0.0,-0.020290673,-0.0,0.13950527,-0.4989594,0.7886025,0.66404784,0.059904933,-0.060545795,-0.0,-0.020736994,0.43136418,-0.115345575,-0.04473892,0.12384523,0.02994714,0.36972305,-0.031771787,-0.058698237,0.016212314,-0.047233075,-0.020162588,0.01735087,-0.011836611,0.035063595,0.005565833,-0.03952659,-0.08044322,-0.20251752,-0.06051723,-0.049671296,0.09490639,0.40579593,0.35454482,-0.06722428,-0.20093209,0.057125777,0.05013184,-0.12728068
D,0.77954876,-0.0,0.0,0.7981049,1.4771926,-0.4193872,0.6652665,-0.0,0.03126172,0.10584236,-0.06370723,-0.05297543,0.62177914,0.0770939,1.2316194,1.1114378,0.1983203,0.22012678,-0.15584888,-0.044987187,0.58576864,0.17896101,-0.5362178,0.15090482,0.2235259,0.83943164,0.23095274,0.40789887,0.4149033,0.28036797,0.2207572,0.010922868,-0.038546532,0.035063595,0.005565833,-0.065072924,-0.104544,0.2554624,0.17321666,0.18475008,0.14720719,0.7134528,0.3586708,-0.32747102,-0.7578764,-0.53458256,-0.29415587,-0.595063
E,0.0,-0.0,0.0,0.21297954,1.0668647,-0.0,0.25147238,-0.0,0.0,-0.0,-0.11877549,-0.0,0.40621454,-0.17586556,1.0538931,0.9493832,0.18494126,0.09082211,-0.0,0.0,0.30108273,-0.21487376,-0.6203296,0.0,0.013325624,0.53230983,0.04848037,0.079036415,0.21971224,0.042649366,0.021867458,0.01735087,-0.010712497,0.035063595,0.005565833,-0.039520163,-0.04802634,-0.07700064,0.048770905,0.011913031,0.04099614,0.5058688,0.26182562,-0.45305467,-0.7959207,-0.30398467,-0.18783031,-0.2344138
F,0.0,-0.44037795,0.0,-1.1183788,-0.26029962,-0.85250944,0.075027704,-0.15125029,0.09450048,-0.0,-0.04873658,-0.030675184,-0.1213437,-0.9333595,0.09829068,0.5380876,-0.08065823,-0.004191555,-0.0,-0.20867176,0.49119058,0.08537714,-0.49441335,-0.4649366,-0.530928,-0.14006159,-0.685887,-0.53274107,-0.55007046,-0.3767485,-0.15492712,0.019468065,-0.03165903,0.035063595,0.005565833,-0.041721873,-0.083234124,-0.56342304,-0.5148823,-0.537789,-0.5178094,0.0,-0.11287904,-0.69319165,-0.74536955,0.03376757,-0.2951038,-0.20579858
G,1.1524684,-0.0,0.0,0.45356047,0.8823248,-0.0,0.48271573,-0.0,-0.0068697706,-0.09213512,-0.10013285,-0.0,0.15064137,-0.14078552,0.894454,0.5080322,0.0,-0.09854078,-0.42196277,0.0,0.43902147,0.2788077,0.09785858,0.28974003,0.30638802,0.7796601,0.25531405,0.22729747,0.2923534,0.21597518,0.22360905,0.025768517,-0.026648972,0.035063595,0.0055265483,-0.029938946,-0.081566215,0.10260217,0.118112996,0.2132667,0.24629062,0.85356116,0.6681255,0.084035516,-0.19008821,0.13922524,0.0,-0.26964444
H,0.8712076,-0.0,0.0,0.008003458,0.75620407,-0.5384176,0.0,-0.0,0.0,-0.0,-0.14071262,-0.0,0.06448085,-0.42192233,0.86999786,0.6582068,0.0,-0.07632683,-0.0,0.10647076,0.41688725,-0.08167639,-0.18896817,0.11875672,0.052060872,0.5769229,-0.021424837,0.05647586,0.18376619,0.0050618425,-0.0009886366,0.015262278,-0.011836611,0.035063595,0.005565833,-0.03952659,-0.09805806,0.06457181,0.048122257,0.10635457,0.07646586,0.58107924,0.4479052,-0.041257083,-0.2996095,0.16072062,0.24242988,-0.033804685
I,0.24328002,-0.5848152,0.103925705,-1.1493409,-0.2086811,-0.41369766,0.16674925,-0.0,0.089462824,-0.0,-0.48538452,0.0,0.039631754,-1.1842825,0.0,-0.07183999,-0.3687151,-0.57353395,-0.41752777,-0.016500756,0.29099047,-0.06424767,-0.6671269,-0.3641581,-0.51803803,-0.17995963,-0.64105904,-0.53776354,-0.43503928,-0.41226375,-0.031012995,0.009052581,-0.011853985,0.035063595,0.005565833,-0.06230741,-0.11490019,-0.44031084,-0.50681835,-0.5289096,-0.5329077,-0.03814754,-0.20885557,-0.823326,-0.8179265,-0.05161473,0.010795077,-0.19547415
K,0.8264462,-0.0,0.0,0.0,0.76817626,-0.28626424,0.0,-0.0,0.0,-0.0,-0.0,-0.0,0.32606572,-0.3989454,0.86008143,0.0,-0.0,0.09003208,0.22850753,0.11798773,0.47594646,-0.41692832,0.26314196,0.29663405,0.19496201,0.6296119,0.09977109,0.14421268,0.18804698,0.03305076,0.025783628,0.017336225,-0.011836611,0.035063595,0.005565833,-0.03952659,-0.0804369,-0.07362406,-0.071113676,-0.0240414,0.01138939,0.655509,0.5221783,0.0062324107,0.0,0.25213373,0.19583255,-0.15347865
L,0.45537728,-0.0,0.26767462,-0.7365554,-0.1137256,-0.0,0.029938862,0.0,0.120107114,-0.0,-0.10093984,-0.15145832,0.061858334,-0.7811782,0.41772234,0.5173258,-0.0,-0.024743117,-0.0,0.037608117,0.3025118,0.040564448,-0.7967354,-0.23156832,-0.42239726,-0.044370294,-0.53082114,-0.43557438,-0.39212748,-0.41264784,-0.18596001,-0.027501995,-0.033903986,0.035063595,-0.016124206,-0.05825026,-0.053773254,-0.39246982,-0.41414553,-0.4289096,-0.4112312,0.06286225,0.009615034,-0.6057483,-0.69715416,-0.15316917,-0.12644348,-0.1711046
M,0.74196357,-0.16535482,0.5023719,-0.25347385,0.5753873,-0.64321744,0.0,0.064558685,0.0,-0.0,-0.0,-0.0,0.0,-0.0,0.0,0.0,-0.0,-0.0,-0.06416596,-0.0,0.43228137,0.01903721,-0.37298232,0.109632134,-0.038606178,0.46635488,-0.11388887,-0.046203278,0.023778487,-0.07081244,0.005338704,0.01735087,-0.011836611,0.035063595,0.005565833,-0.03952659,-0.0804369,-0.13720457,-0.1184227,-0.05628728,-0.07105555,0.57048,0.36958942,-0.3092307,-0.42318147,0.16353478,0.014312588,-0.16458578
N,1.1700373,-0.065944105,0.0,0.38128692,1.1958265,0.0,0.4866659,-0.0,0.0,-0.0,-0.05752565,0.083596885,0.34113696,-0.003120333,0.9926362,0.74880743,0.08585614,0.0,-0.22519864,0.019983841,0.0,-0.18490681,-0.17338341,0.2126134,0.19759639,0.7536332,0.2591133,0.2603091,0.34204638,0.09936778,0.069655165,0.004358963,-0.011836611,0.035063595,0.005565833,-0.03952659,-0.08206626,-0.122711405,0.19087242,0.13938808,0.1107201,0.79088795,0.52607566,-0.08659582,-0.2632013,0.046391122,0.25536928,0.033328712
P,1.0340724,-0.14687623,0.5541878,1.2693487,2.1178615,-0.0,0.27204555,-0.0,0.0,-0.12959589,-0.12447705,-0.0,0.28102678,-0.3750082,1.154167,0.62286276,-0.1710971,-0.12967293,-0.21234465,-0.12018065,0.6013673,0.32930425,-0.5620984,0.37350404,0.25497985,0.90957975,0.33675855,0.516296,0.43376678,0.30928147,0.20048372,0.008588315,-0.011831674,0.035063595,0.005565833,-0.040187083,-0.09889096,0.17955352,0.31437397,0.32417405,0.32819468,0.92080045,0.647019,0.0,-0.16883221,0.18570466,0.08162756,-0.2051177
Q,0.0,-0.0,0.3688107,0.1479236,0.8746699,-0.0,0.0,-0.0,0.0,-0.0,-0.0,-0.0,0.0,-0.2746866,0.84633714,0.0,-0.0,-0.0,-0.0,-0.0,0.39762586,-0.08195376,0.0,0.1841233,0.045306288,0.63025975,0.0425153,0.04817826,0.22405148,0.04621116,0.05419059,0.015928796,-0.011836611,0.035063595,0.005565833,-0.03952659,-0.115222394,-0.12048047,0.06299496,0.045694195,0.104747474,0.73504245,0.46719545,-0.0560212,-0.32059586,0.13614306,0.021822203,-0.14647368
R,0.7263667,-0.0,0.0,-0.17953107,0.6101302,-0.0,0.0,-0.0,0.0,-0.0,0.0,-0.0,-0.013863623,-0.5219732,0.6284511,0.117631584,-0.08578077,-0.27617025,-0.4285705,-0.1287053,0.38260877,-0.45922694,0.104995996,0.2573217,0.11536503,0.52987987,0.015293889,0.020810764,0.054805994,-0.14580306,0.023107542,-0.003843572,-0.011933338,0.035063595,0.005565833,-0.058785163,-0.078572296,-0.2763591,-0.054658692,-0.06881336,-0.025828443,0.6053959,0.5102241,0.0548667,0.009248257,0.42758027,0.12626109,-0.18085751
S,0.9938514,-0.122787386,1.0553114,0.059146404,0.71794605,-0.42241013,0.18315,-0.120062515,0.0,-0.04631272,-0.01553791,-0.016680922,-0.01778017,-0.19712004,0.78795487,0.40088236,-0.29776192,-0.08566131,-0.18888497,-0.0409555,0.69649595,0.5612844,-0.26463297,0.3039762,0.15930171,0.6476808,0.03277015,0.079812974,0.22866042,0.08381279,0.035163164,-0.012986425,-0.03561391,0.035063595,0.005565833,-0.03816086,-0.09806831,0.0020288825,0.086002395,0.0858782,0.09480508,0.6394137,0.47625008,-0.10287674,-0.32378265,0.0057482775,0.12283322,-0.18760292
T,0.7863696,0.0,0.0,-0.15977669,0.6843301,-0.0,0.27155274,-0.0,0.0,-0.058166854,-0.15263957,-0.02906778,0.0,-0.3259163,0.65742487,0.44335088,-0.41596892,-0.1554429,0.0,0.011563823,0.46496427,0.0,-0.5411326,0.16884756,-0.028473426,0.43542325,0.00521829,0.04054744,0.16061519,0.07257751,0.048578903,0.017347751,-0.011467478,0.035063595,0.005565833,-0.042242117,-0.044854254,-0.12994692,-0.044694014,-0.017223835,0.051339887,0.47825152,0.38176432,-0.24936499,-0.4476302,0.084415905,0.015016366,-0.19258389
V,0.806058,-0.27365506,0.49077427,-0.9813524,0.0,-0.0,-0.44872564,-0.032392427,0.0,-0.15275006,-0.59598356,0.027008396,0.03734485,-1.0240729,0.29087618,0.0,-0.7179329,-0.36389104,-0.0,-0.0,0.46933728,0.033521067,-0.9022604,-0.1545996,-0.38109058,-0.005404681,-0.46103555,-0.45428008,-0.2701993,-0.3418157,-0.21080548,0.02598897,-0.022175033,0.035063595,0.003452174,-0.05552429,-0.1435547,-0.306136,-0.35563743,-0.41721404,-0.38513982,0.092783034,-0.02960974,-0.64803493,-0.49606162,0.097279064,-0.1568687,-0.14027289
W,0.0,-0.0,0.0,-1.093414,-0.18177164,-0.0,0.0,-0.050922103,0.0,-0.0,-0.0,-0.0,-0.0714726,-1.1937513,-0.13064069,0.0,-0.0,-0.0,-0.0,-0.0,0.49424845,-0.11100631,-0.50923514,-0.6428737,-0.7334284,-0.30007067,-0.83002865,-0.59654814,-0.51731306,-0.6108226,-0.17296208,0.017350864,-0.011836611,0.035063595,0.005565833,-0.039526574,-0.100070775,-0.44611418,-0.4760931,-0.54719025,-0.56750375,-0.1952695,-0.22852296,-0.66633123,-0.8848467,-0.18883972,0.0021759924,-0.16819134
Y,0.22604167,-0.0,0.36785555,-0.8460607,-0.040972352,-1.005298,0.35413015,0.0,0.0,-0.0,-0.028361179,-0.0,0.124790385,-0.8781495,0.53353995,0.9981866,0.2664097,0.11946114,-0.21566173,0.0,0.3403845,-0.07521903,-0.82751983,-0.3470433,-0.43043596,0.0,-0.57284856,-0.36651447,-0.24495457,-0.3183145,-0.2063145,0.030598208,-0.012073279,0.035063595,-0.01393841,-0.090566196,-0.16416338,-0.320215,-0.331726,-0.34266806,-0.3648719,0.16010556,0.0,-0.47821444,-0.5832931,0.0,-0.22062056,0.0
-,0.0,-0.0,0.0,-0.0,0.0,-0.0,0.0,-0.0,0.0,-0.0,-0.0,-0.0,0.0,0.0,0.0,0.0,-0.0,-0.0,-0.0,-0.0,0.43252286,0.01903721,-0.36394027,0.029781388,0.21777935,0.5365011,0.0,0.0,0.0,0.0,0.0,0.0,0.0,0.0,0.0,0.0,0.0,0.0,0.0,0.0,0.0,0.43458936,0.31159714,-0.57113594,-0.44278994,0.024282606,-0.018545005,-0.18134986
